Email,Name,Surname
dolor.sit.amet@eratvelpede.net,Jocelyn,Colon
semper.erat.in@diamSed.com,Juliet,Slater
nibh.dolor@tinciduntorci.net,Troy,Humphrey
auctor@vitae.edu,Jolene,Howell
libero.est.congue@aliquam.net,Vivian,Stevens
ligula.Donec.luctus@ullamcorperDuis.co.uk,Kylan,Best
varius.Nam.porttitor@nuncsitamet.net,Vivien,Key
lacus@nonarcuVivamus.com,Kasimir,Walters
adipiscing.elit@orciPhasellusdapibus.com,Jonas,Roberson
placerat@eleifendnecmalesuada.com,Cain,Nielsen
vitae@maurisidsapien.edu,Keely,Avila
habitant.morbi@est.org,Kay,Holland
in@egestas.edu,Howard,Sandoval
vehicula.aliquet.libero@Nunc.edu,Barclay,Summers
at.auctor@elitpharetra.edu,Cole,Morrison
nibh.Aliquam@commodohendreritDonec.edu,Kylan,Robles
leo@egestas.org,Mariko,Forbes
Maecenas.mi.felis@neque.ca,Finn,Martin
pede.ultrices.a@dui.org,Madison,Mckee
sem.consequat@dolorsit.net,James,Bernard
metus.sit@blandit.com,Dante,Perry
Aenean.euismod.mauris@risusatfringilla.co.uk,Juliet,Cohen
nisl.arcu@enim.org,Declan,Elliott
risus@est.ca,Hoyt,Berry
neque.et@velitegetlaoreet.co.uk,Ishmael,Hobbs
nisl@Donec.ca,Willa,Crawford
sem@Integer.edu,Erasmus,Sanford
parturient@iaculisodioNam.com,Cole,Finch
bibendum.fermentum.metus@dignissimtempor.net,Riley,Patton
nec@eratSed.ca,Eliana,Bailey
lobortis.Class@AliquamnislNulla.co.uk,Shea,Munoz
et.pede.Nunc@fringilla.org,Destiny,Farmer
vehicula.et.rutrum@nibh.net,Leonard,Pickett
metus.eu.erat@habitantmorbi.ca,Guinevere,Mack
In.at@necorciDonec.ca,Risa,Byrd
auctor@volutpat.edu,Kasper,Frost
Fusce.aliquet@idrisus.net,Maisie,Stanton
Morbi.metus@arcuVestibulum.co.uk,Xandra,Reid
congue@luctusaliquet.ca,Edward,Duncan
lacus.vestibulum@rhoncusDonec.org,Frances,Hull
in@anteipsum.com,Charles,Watts
iaculis.enim@Nunclaoreet.com,Yoshio,Livingston
nec.tellus@odio.net,Lane,Bradford
Cum.sociis.natoque@dui.ca,Ishmael,Ball
nibh@elit.co.uk,Flavia,Conner
Mauris@sodales.com,Isaac,Lott
arcu.Curabitur.ut@consectetueripsumnunc.co.uk,Roth,Franks
aliquam@urnajusto.net,Theodore,Morrow
at@sed.ca,Raven,Duke
in.faucibus.orci@elementumdui.co.uk,Holmes,Conley
nibh.enim.gravida@in.ca,Nell,Green
Praesent@Aliquameratvolutpat.co.uk,Cullen,Robinson
elit@aliquet.com,Aphrodite,Price
turpis.egestas@mollisdui.net,Isaiah,Snyder
tellus.Phasellus.elit@suscipitestac.com,Hedwig,Blankenship
iaculis.odio@sedfacilisis.edu,September,Downs
Vivamus@adipiscingnonluctus.com,Kennedy,Williamson
Pellentesque.ultricies.dignissim@sociosqu.org,Indira,Mendoza
Donec.est.mauris@quisdiam.co.uk,Noel,Jarvis
nisi.nibh.lacinia@rhoncus.org,Rudyard,Stevens
tincidunt.pede@ac.com,Magee,Chandler
diam.eu.dolor@non.org,Akeem,Spence
lorem.ipsum@rutrum.co.uk,Steven,Glover
libero.Integer.in@nuncnulla.edu,Isadora,Mills
sem.mollis.dui@justo.co.uk,Clinton,Sanford
luctus@et.com,Hakeem,Bean
enim@Quisquenonummy.org,Delilah,Joyner
amet.ante.Vivamus@purus.net,Elmo,Waller
ac.urna@Donec.com,Rama,House
sociis.natoque.penatibus@sit.edu,Eleanor,Middleton
vel.nisl@egetipsum.co.uk,Amaya,Bryant
quis@Integereu.edu,Anika,Martin
amet.faucibus.ut@adipiscingenim.co.uk,Sasha,Simpson
laoreet@sedtortorInteger.com,Kay,Stafford
Nullam@augue.net,Amena,Tate
odio.Nam.interdum@ultrices.ca,Willow,Head
dignissim@tacitisociosquad.ca,Isaiah,Carroll
et.netus@elita.net,Echo,Acosta
leo.Vivamus@risus.ca,Megan,Mack
lectus@etpede.com,Celeste,Golden
sed@Nuncsollicitudin.edu,Clarke,Mccray
elit.pellentesque@Proinnislsem.co.uk,Drake,Rollins
et@nislNulla.ca,Bruce,Michael
ipsum.porta@egetlaoreetposuere.net,Tarik,Juarez
dictum@ac.org,Craig,Cannon
erat.semper.rutrum@cubiliaCuraeDonec.org,Octavius,Newman
Donec.at@dictum.net,Jocelyn,Simpson
Nam@facilisisloremtristique.com,Ian,King
egestas.blandit@semPellentesqueut.ca,Daniel,Cantu
aliquam.arcu@eget.org,Brody,Harris
erat.Sed@NullafacilisisSuspendisse.co.uk,Rama,Fernandez
faucibus.orci.luctus@consequatpurus.co.uk,Frances,Richardson
tellus@cursusvestibulum.net,Iliana,Mendez
sem@nulla.net,Ivan,Savage
blandit.at.nisi@tempordiamdictum.co.uk,Hayes,Byrd
turpis@lobortismaurisSuspendisse.net,Halla,Villarreal
Integer.id.magna@mattissemper.com,Bertha,Griffith
dui@Nullam.edu,Hanna,Olsen
erat.neque.non@elita.org,Frances,Salinas
ornare.libero@nisiaodio.co.uk,Cullen,Delacruz
